Sample;UniqueID;OSample;Year;AnimalID;Date;Capture;Species;Group;Indiv
FPI038254;3535_2024;32231;2024;ID3535;2024-06-13;2024_05;TIMP;IC;SIMP_2024_IC4_4M
FPI038259;3538_2024;32233;2024;ID3538;2024-06-14;2024_06;LWED;GP;LWED_2024_GP_4M
FPI038343;3534_2024;32232;2024;ID3534;2024-06-13;2024_05;TIMP;IC;SIMP_2024_IC4_4F
FPI038351;3541_2024;32229;2024;ID3541;2024-06-19;2024_08;LWED;WF;LWED_2024_WF_4M
FPI038459;3549_2024;32197;2024;ID3549;2024-07-08;2024_14;TIMP;MI;SIMP_2024_MI4_4M
FPI038462;3536_2024;32254;2024;ID3536;2024-06-05;2024_01;LWED;IL;LWED_2024_IL_4M
FPI038765;3543_2024;32199;2024;ID3543;2024-06-24;2024_12;TIMP;YM;SIMP_2024_YM_4M
FPI038766;3537_2024;32250;2024;ID3537;2024-06-05;2024_01;LWED;IL;LWED_2024_IL_4F
FPI14656;1338_2022;17;2022;ID1338;2022-06-14;2022_04;LWED;SS;4F
FPI14710;1341_2022;46;2022;ID1341;2022-06-24;2022_08;TIMP;IC;4M
FPI16174;1330_2022;4;2022;ID1330;2022-06-04;2022_01;LWED;IL;4F
FPI16201;1342_2022;56;2022;ID1342;2022-06-30;2022_09;TIMP;OI;4M
FPI16206;1335_2022;15;2022;ID1335;2022-06-12;2022_03;LWED;AR;4F
FPI16235;1339_2022;24;2022;ID1339;2022-06-20;2022_06;LWED;GP;4F
FPI16239;1344_2022;60;2022;ID1344;2022-07-04;2022_11;TIMP;YM;4M
FPI18847;1778_2022;79;2022;ID1778;2022-07-11;2022_13;LWED;S7;4M
FPI18878;1343_2022;67;2022;ID1343;2022-07-04;2022_11;TIMP;YM;4F
FPI21278;2738_2023;20884;2023;ID2738;2023-07-01;2023_12;LWED;WF;WBY
FPI21482;2275_2023;17881;2023;ID2275;2023-06-20;2023_09;TIMP;JI;JI_4M_2023
FPI21500;2273_2023;17913;2023;ID2273;2023-06-05;2023_01;LWED;GD;GBR
FPI24074;3013_2023;20894;2023;ID3013;2023-07-17;2023_15;TIMP;QB;YBR
FPI24076;3089_2023;17873;2023;ID3089;2023-08-01;2023_22;TIMP;WI;WBR
FPI24079;3014_2023;17901;2023;ID3014;2023-07-17;2023_15;TIMP;QB;YPBl
FPI25431;2980_2023;17867;2023;ID2980;2023-07-16;2023_14;LWED;SS;SPY
FPI25462;2941_2023;20888;2023;ID2941;2023-07-12;2023_13;LWED;AR;OPS
FPI25813;2300_2023;17962;2023;ID2300;2023-06-10;2023_02;TIMP;IC;GBS
FPI25824;3017_2023;17957;2023;ID3017;2023-07-21;2023_16;TIMP;MI;LPG
NA;1345_2022;61;2022;ID1345;2022-07-07;2022_12;LWED;WF;4M
NA;3061_2023;17888;2023;ID3061;2023-07-29;2023_20;LWED;IL;YBS
NA;3555_2024;32207;2024;ID3555;2024-07-16;2024_15;LWED;SS;LWED_2024_WF_5F
FPI029036;1781_2024;32141;2024;ID1781;2024-06-19;2024_08;LWED;WF;WPS/WRC
FPI038265;3058_2024;32179;2024;ID3058;2024-06-24;2024_12;TIMP;YM;BlPS / SI_0F_23
FPI038347;230_2024;32224;2024;ID0230;2024-06-13;2024_05;TIMP;IC;LPG
FPI038466;1340_2024;32158;2024;ID1340;2024-06-11;2024_04;TIMP;JI;RPS
FPI038768;276_2024;32184;2024;ID0276;2024-06-20;2024_09;LWED;SS;LPG2
FPI038774;3532_2024;32149;2024;ID3532;2024-06-14;2024_06;LWED;GP;LPG3
FPI038801;3533_2024;32249;2024;ID3533;2024-06-05;2024_01;LWED;IL;YPR
FPI14652;276_2022;30;2022;ID0276;2022-06-14;2022_04;LWED;SS;LPG2
FPI14654;135_2022;22;2022;ID0135;2022-06-19;2022_05;TIMP;MI;LPY/LRC
FPI14702;538_2022;35;2022;ID0538;2022-06-20;2022_06;LWED;GP;LPW3
FPI14706;2276_2022;13;2022;ID2276;2022-06-07;2022_02;LWED;GD;0F
FPI14707;549_2022;5;2022;ID0549;2022-06-12;2022_03;LWED;AR;SF1_0F
FPI14709;1340_2022;25;2022;ID1340;2022-06-22;2022_07;TIMP;JI;RC
FPI16202;536_2022;3;2022;ID0536;2022-06-04;2022_01;LWED;IL;YPS2
FPI16204;221_2022;53;2022;ID0221;2022-06-30;2022_09;TIMP;OI;OPY2
FPI18812;547_2022;78;2022;ID0547;2022-07-11;2022_13;LWED;S7;YPL2
FPI18906;230_2022;50;2022;ID0230;2022-06-24;2022_08;TIMP;IC;LPG
FPI18941;542_2022;63;2022;ID0542;2022-07-07;2022_12;LWED;WF;WPBI
FPI21035;2942_2023;20882;2023;ID2942;2023-07-12;2023_13;LWED;AR;ORC
FPI21481;293_2023;17911;2023;ID0293;2023-07-17;2023_15;TIMP;QB;YRC
FPI25046;2311_2023;20903;2023;ID2311;2023-06-12;2023_04;LWED;GP;LRC
FPI25052;276_2023;17965;2023;ID0276;2023-07-25;2023_18;LWED;SS;SRC/LPG2
FPI25057;212_2023;17857;2023;ID0212;2023-08-01;2023_22;TIMP;WI;WPL
FPI25419;1781_2023;17902;2023;ID1781;2023-07-01;2023_12;LWED;WF;WPS
FPI25428;2276_2023;17951;2023;ID2276;2023-06-05;2023_01;LWED;GD;GPS
FPI25823;570_2023;17947;2023;ID0570;2023-06-16;2023_08;TIMP;OI;OPBl
FPI25844;1340_2023;17908;2023;ID1340;2023-06-20;2023_09;TIMP;JI;RPS
NA;212_2022;57;2022;ID0212;2022-07-01;2022_10;TIMP;WI;WPL
FPI029026;1338_2024;32218;2024;ID1338;2024-07-16;2024_15;LWED;SS;SPL
FPI038342;3546_2024;32192;2024;ID3546;2024-07-02;2024_13;TIMP;WI;WPY
FPI038376;554_2024;32194;2024;ID0554;2024-07-08;2024_14;TIMP;MI;LPR2
FPI038771;1339_2024;32234;2024;ID1339;2024-06-14;2024_06;LWED;GP;LPY
FPI038776;2980_2024;32186;2024;ID2980;2024-06-20;2024_09;LWED;SS;SPY
FPI14655;554_2022;21;2022;ID0554;2022-06-19;2022_05;TIMP;MI;LPR2
FPI14677;1333_2022;9;2022;ID1333;2022-06-07;2022_02;LWED;GD;1F
FPI14682;562_2022;51;2022;ID0562;2022-06-24;2022_08;TIMP;IC;J2_F_19
FPI16167;1334_2022;7;2022;ID1334;2022-06-07;2022_02;LWED;GD;2F
FPI16205;553_2022;2;2022;ID0553;2022-06-04;2022_01;LWED;IL;YPG3
FPI21277;1339_2023;17856;2023;ID1339;2023-06-13;2023_05;LWED;GP;LPY
FPI25425;1343_2023;17963;2023;ID1343;2023-07-26;2023_19;TIMP;YM;SI_1F_23
FPI25426;1338_2023;17891;2023;ID1338;2023-07-25;2023_18;LWED;SS;4F/SPL
FPI028995;292_2024;32156;2024;ID0292;2024-06-11;2024_04;TIMP;JI;RBW
FPI038255;1331_2024;32264;2024;ID1331;2024-06-05;2024_01;LWED;IL;YBR
FPI038266;2273_2024;32238;2024;ID2273;2024-06-08;2024_03;LWED;GD;GBR
FPI038346;287_2024;32193;2024;ID0287;2024-07-08;2024_14;TIMP;MI;LBO
FPI038350;548_2024;32150;2024;ID0548;2024-06-17;2024_07;LWED;AR;OBBl
FPI038353;559_2024;32248;2024;ID0559;2024-06-06;2024_02;TIMP;OI;OBL
FPI038383;218_2024;32134;2024;ID0218;2024-07-02;2024_13;TIMP;WI;WBL
FPI038427;2738_2024;32225;2024;ID2738;2024-06-23;2024_11;LWED;WF;WBY
FPI038463;154_2024;32240;2024;ID0154;2024-06-13;2024_05;TIMP;IC;GBO
FPI038497;3089_2024;32190;2024;ID3089;2024-07-02;2024_13;TIMP;WI;WBR
FPI038798;566_2024;32259;2024;ID0566;2024-06-05;2024_01;LWED;IL;BlBL2
FPI14653;537_2022;39;2022;ID0537;2022-06-19;2022_05;TIMP;MI;LBY2
FPI14658;27_2022;10;2022;ID0027;2022-06-12;2022_03;LWED;AR;OBL
FPI14679;563_2022;32;2022;ID0563;2022-06-24;2022_08;TIMP;IC;J2_M_19
FPI14680;544_2022;28;2022;ID0544;2022-06-14;2022_04;LWED;SS;SBW2
FPI14703;26_2022;11;2022;ID0026;2022-06-07;2022_02;LWED;GD;OBY
FPI14704;287_2022;40;2022;ID0287;2022-06-19;2022_05;TIMP;MI;LBO2
FPI16168;189_2022;27;2022;ID0189;2022-06-14;2022_04;LWED;SS;SBO
FPI16169;292_2022;31;2022;ID0292;2022-06-22;2022_07;TIMP;JI;RBW
FPI16170;555_2022;23;2022;ID0555;2022-06-19;2022_05;TIMP;MI;LBR2
FPI16171;222_2022;36;2022;ID0222;2022-06-20;2022_06;LWED;GP;LBBl
FPI16172;219_2022;41;2022;ID0219;2022-06-22;2022_07;TIMP;JI;GBR2
FPI16173;144_2022;26;2022;ID0144;2022-06-14;2022_04;LWED;SS;SBS
FPI16203;224_2022;34;2022;ID0224;2022-06-20;2022_06;LWED;GP;LBO2
FPI16207;195_2022;47;2022;ID0195;2022-06-24;2022_08;TIMP;IC;GBG
FPI16237;560_2022;54;2022;ID0560;2022-06-30;2022_09;TIMP;OI;OBG2
FPI16238;545_2022;55;2022;ID0545;2022-07-01;2022_10;TIMP;WI;WBW
FPI16240;568_2022;58;2022;ID0568;2022-07-01;2022_10;TIMP;WI;WBG2
FPI18811;171_2022;77;2022;ID0171;2022-07-11;2022_13;LWED;S7;YBY2
FPI18813;561_2022;81;2022;ID0561;2022-07-11;2022_13;LWED;S7;YBS2
FPI18815;8_2022;76.1;2022;ID0008;2022-07-11;2022_13;LWED;S7;YBG
FPI18879;187_2022;71;2022;ID0187;2022-07-04;2022_11;TIMP;YM;YBS3
FPI18907;159_2022;45;2022;ID0159;2022-06-30;2022_09;TIMP;OI;OBS
FPI18909;218_2022;70;2022;ID0218;2022-07-01;2022_10;TIMP;WI;WBO
FPI18942;567_2022;64;2022;ID0567;2022-07-07;2022_12;LWED;WF;WBR2
FPI21048;567_2023;17918;2023;ID0567;2023-07-01;2023_12;LWED;WF;WBR2
FPI21049;568_2023;17876;2023;ID0568;2023-06-16;2023_08;TIMP;OI;WBG
FPI21276;169_2023;17882;2023;ID0169;2023-06-05;2023_01;LWED;GD;GBW/OBR2
FPI21476;2274_2023;17887;2023;ID2274;2023-06-16;2023_08;TIMP;OI;OBO
FPI23324;27_2023;17956;2023;ID0027;2023-07-12;2023_13;LWED;AR;OBL
FPI24078;234_2023;17943;2023;ID0234;2023-07-29;2023_20;LWED;IL;YBG3
FPI25047;2363_2023;17914;2023;ID2363;2023-06-20;2023_09;TIMP;JI;RBR
FPI25050;1337_2023;20893;2023;ID1337;2023-07-16;2023_14;LWED;SS;SBG
FPI25055;187_2023;17872;2023;ID0187;2023-07-31;2023_21;TIMP;YM;YBS3
FPI25382;563_2023;17886;2023;ID0563;2023-06-27;2023_10;TIMP;IC;GRC2
FPI25383;136_2023;17907;2023;ID0136;2023-07-01;2023_12;LWED;WF;WBO
FPI25455;17_2023;17955;2023;ID0017;2023-07-24;2023_17;TIMP;QB;YBL
FPI25457;1331_2023;17921;2023;ID1331;2023-07-29;2023_20;LWED;IL;YBR
FPI25842;222_2023;17936;2023;ID0222;2023-06-11;2023_03;LWED;GP;LBBl
FPI25849;189_2023;17896;2023;ID0189;2023-07-16;2023_14;LWED;SS;SBO
FPI38339;38_2024;32223;2024;ID0038;2024-06-19;2024_08;LWED;WF;BlBG
NA;26_2023;17922;2023;ID0026;2023-06-05;2023_01;LWED;GD;GBY
NA;38_2023;17898;2023;ID0038;2023-07-01;2023_12;LWED;WF;BLBG
NA;136_2024;32146;2024;ID0136;2024-06-19;2024_08;LWED;WF;WBO
NA;144_2023;17924;2023;ID0144;2023-07-16;2023_14;LWED;SS;SBS
NA;154_2023;17961;2023;ID0154;2023-06-10;2023_02;TIMP;IC;GBO
NA;195_2023;20805;2023;ID0195;2023-06-10;2023_02;TIMP;IC;GBG/GRC
NA;219_2024;32153;2024;ID0219;2024-06-11;2024_04;TIMP;JI;GBR2
NA;224_2023;17926;2023;ID0224;2023-06-28;2023_11;LWED;GP;LBO2
NA;287_2023;20880;2023;ID0287;2023-07-21;2023_16;TIMP;MI;LBO2
NA;292_2023;20885;2023;ID0292;2023-06-20;2023_09;TIMP;JI;RBW
NA;544_2023;17912;2023;ID0544;2023-07-16;2023_14;LWED;SS;SBW2
NA;544_2024;32182;2024;ID0544;2024-06-20;2024_09;LWED;SS;SBW2
NA;548_2022;6;2022;ID0548;2022-06-12;2022_03;LWED;AR;SF2_1M
NA;548_2023;17893;2023;ID0548;2023-07-12;2023_13;LWED;AR;SF2M19
NA;559_2022;43;2022;ID0559;2022-06-30;2022_09;TIMP;OI;OBL
NA;559_2023;17932;2023;ID0559;2023-06-16;2023_08;TIMP;OI;OBL
NA;568_2024;32256;2024;ID0568;2024-06-06;2024_02;TIMP;OI;WBG
